USE theater;

-- Inserts

-- Movie data
INSERT INTO movie (id, title, studio, genre, age_rating, runtime, date_entered) VALUES
(1,  'Starlight Run',      'Nova Pictures',            'Sci-Fi',    'PG-13', '02:07:00', '2026-03-20 09:00:00'),
(2,  'Laughing Matters',   'Silver Screen Studios',   'Comedy',    'PG',    '01:39:00', '2026-03-20 09:05:00'),
(3,  'Deep Harbor',        'Blue Harbor Entertainment','Drama',    'PG-13', '02:03:00', '2026-03-20 09:10:00'),
(4,  'Shadow Frequency',   'Northstar Films',         'Thriller',  'R',     '01:51:00', '2026-03-20 09:15:00'),
(5,  'Tiny Giants',        'Bright Lantern',          'Family',    'G',     '01:28:00', '2026-03-20 09:20:00'),
(6,  'Steel Horizon',      'Forge Studios',           'Action',    'PG-13', '02:12:00', '2026-03-20 09:25:00'),
(7,  'Midnight Manor',     'Crescent Moon Productions','Horror',   'R',     '01:45:00', '2026-03-20 09:30:00'),
(8,  'Second Summer',      'Golden Mile Media',       'Romance',   'PG-13', '01:46:00', '2026-03-20 09:35:00'),
(9,  'Orbitfall',          'Nova Pictures',           'Sci-Fi',    'PG-13', '02:18:00', '2026-03-20 09:40:00'),
(10, 'Final Quarter',      'Empire House',            'Sports',    'PG',    '01:58:00', '2026-03-20 09:45:00'),
(11, 'Paper Lanterns',     'Silver Screen Studios',   'Drama',     'PG',    '01:54:00', '2026-03-20 09:50:00'),
(12, 'Jungle Beat',        'Bright Lantern',          'Animation', 'PG',    '01:31:00', '2026-03-20 09:55:00'),
(13, 'Night Shift',        'Northstar Films',         'Thriller',  'R',     '01:49:00', '2026-03-20 10:00:00'),
(14, 'Kitchen Chaos',      'Sunrise Productions',     'Comedy',    'PG',    '01:42:00', '2026-03-20 10:05:00'),
(15, 'Castle of Glass',    'Crescent Moon Productions','Fantasy',  'PG-13', '02:10:00', '2026-03-20 10:10:00'),
(16, 'Redline Chase',      'Forge Studios',           'Action',    'R',     '01:57:00', '2026-03-20 10:15:00'),
(17, 'Winter Postcards',   'Blue Harbor Entertainment','Drama',    'PG',    '01:52:00', '2026-03-20 10:20:00'),
(18, 'Planet Pals',        'Bright Lantern',          'Family',    'G',     '01:23:00', '2026-03-20 10:25:00'),
(19, 'Static Sky',         'Empire House',            'Sci-Fi',    'PG-13', '02:05:00', '2026-03-20 10:30:00'),
(20, 'The Perfect Clue',   'Northstar Films',         'Mystery',   'PG-13', '01:55:00', '2026-03-20 10:35:00');

-- Customer data
INSERT INTO customer (id, email, phone_number, first_name, last_name, age, date_entered) VALUES
(1,  'liam.carter@example.com',       '414-555-0101', 'Liam',      'Carter',   24, '2026-03-21 08:00:00'),
(2,  'emma.hughes@example.com',       '414-555-0102', 'Emma',      'Hughes',   31, '2026-03-21 08:03:00'),
(3,  'noah.bennett@example.com',      '414-555-0103', 'Noah',      'Bennett',  19, '2026-03-21 08:06:00'),
(4,  'olivia.ramirez@example.com',    '414-555-0104', 'Olivia',    'Ramirez',  27, '2026-03-21 08:09:00'),
(5,  'elijah.foster@example.com',     '414-555-0105', 'Elijah',    'Foster',   42, '2026-03-21 08:12:00'),
(6,  'ava.collins@example.com',       '414-555-0106', 'Ava',       'Collins',  35, '2026-03-21 08:15:00'),
(7,  'james.long@example.com',        '414-555-0107', 'James',     'Long',     29, '2026-03-21 08:18:00'),
(8,  'sophia.price@example.com',      '414-555-0108', 'Sophia',    'Price',    22, '2026-03-21 08:21:00'),
(9,  'benjamin.ward@example.com',     '414-555-0109', 'Benjamin',  'Ward',     38, '2026-03-21 08:24:00'),
(10, 'isabella.ross@example.com',     '414-555-0110', 'Isabella',  'Ross',     26, '2026-03-21 08:27:00'),
(11, 'lucas.reed@example.com',        '414-555-0111', 'Lucas',     'Reed',     33, '2026-03-21 08:30:00'),
(12, 'mia.hayes@example.com',         '414-555-0112', 'Mia',       'Hayes',    21, '2026-03-21 08:33:00'),
(13, 'henry.flores@example.com',      '414-555-0113', 'Henry',     'Flores',   46, '2026-03-21 08:36:00'),
(14, 'amelia.brooks@example.com',     '414-555-0114', 'Amelia',    'Brooks',   30, '2026-03-21 08:39:00'),
(15, 'alexander.kelly@example.com',   '414-555-0115', 'Alexander', 'Kelly',    28, '2026-03-21 08:42:00'),
(16, 'charlotte.sanders@example.com', '414-555-0116', 'Charlotte', 'Sanders',  25, '2026-03-21 08:45:00'),
(17, 'daniel.powell@example.com',     '414-555-0117', 'Daniel',    'Powell',   40, '2026-03-21 08:48:00'),
(18, 'harper.butler@example.com',     '414-555-0118', 'Harper',    'Butler',   18, '2026-03-21 08:51:00'),
(19, 'mason.simmons@example.com',     '414-555-0119', 'Mason',     'Simmons',  36, '2026-03-21 08:54:00'),
(20, 'evelyn.fisher@example.com',     '414-555-0120', 'Evelyn',    'Fisher',   23, '2026-03-21 08:57:00');

-- Showing data
INSERT INTO showing (id, movie, room_number, date, time, date_entered) VALUES
(1,  1,  'Room 1', '2026-04-10', '18:00:00', '2026-04-01 10:00:00'),
(2,  1,  'Room 1', '2026-04-12', '20:30:00', '2026-04-01 10:02:00'),
(3,  2,  'Room 2', '2026-04-10', '19:00:00', '2026-04-01 10:04:00'),
(4,  3,  'Room 4', '2026-04-10', '17:30:00', '2026-04-01 10:06:00'),
(5,  3,  'Room 4', '2026-04-13', '20:00:00', '2026-04-01 10:08:00'),
(6,  4,  'Room 3', '2026-04-10', '21:15:00', '2026-04-01 10:10:00'),
(7,  5,  'Room 5', '2026-04-10', '16:00:00', '2026-04-01 10:12:00'),
(8,  5,  'Room 5', '2026-04-12', '13:00:00', '2026-04-01 10:14:00'),
(9,  6,  'Room 1', '2026-04-11', '20:00:00', '2026-04-01 10:16:00'),
(10, 6,  'Room 1', '2026-04-14', '19:30:00', '2026-04-01 10:18:00'),
(11, 7,  'Room 3', '2026-04-11', '22:00:00', '2026-04-01 10:20:00'),
(12, 8,  'Room 2', '2026-04-11', '18:30:00', '2026-04-01 10:22:00'),
(13, 8,  'Room 2', '2026-04-15', '19:00:00', '2026-04-01 10:24:00'),
(14, 9,  'Room 1', '2026-04-12', '19:30:00', '2026-04-01 10:26:00'),
(15, 9,  'Room 1', '2026-04-16', '21:00:00', '2026-04-01 10:28:00'),
(16, 10, 'Room 4', '2026-04-12', '20:15:00', '2026-04-01 10:30:00'),
(17, 11, 'Room 5', '2026-04-12', '17:00:00', '2026-04-01 10:32:00'),
(18, 12, 'Room 2', '2026-04-12', '14:00:00', '2026-04-01 10:34:00'),
(19, 12, 'Room 2', '2026-04-16', '15:30:00', '2026-04-01 10:36:00'),
(20, 13, 'Room 3', '2026-04-13', '21:15:00', '2026-04-01 10:38:00'),
(21, 14, 'Room 4', '2026-04-13', '18:45:00', '2026-04-01 10:40:00'),
(22, 15, 'Room 1', '2026-04-13', '19:00:00', '2026-04-01 10:42:00'),
(23, 16, 'Room 3', '2026-04-14', '20:30:00', '2026-04-01 10:44:00'),
(24, 16, 'Room 3', '2026-04-17', '22:00:00', '2026-04-01 10:46:00'),
(25, 17, 'Room 5', '2026-04-14', '17:15:00', '2026-04-01 10:48:00'),
(26, 18, 'Room 2', '2026-04-14', '13:30:00', '2026-04-01 10:50:00'),
(27, 18, 'Room 2', '2026-04-18', '12:30:00', '2026-04-01 10:52:00'),
(28, 19, 'Room 1', '2026-04-15', '20:00:00', '2026-04-01 10:54:00'),
(29, 20, 'Room 4', '2026-04-15', '19:45:00', '2026-04-01 10:56:00'),
(30, 20, 'Room 4', '2026-04-18', '21:10:00', '2026-04-01 10:58:00');

-- Ticket data
-- Notes for analysis:
-- - Movies "Starlight Run", "Steel Horizon", "Orbitfall", and "Night Shift" should show
-- up as stronger sellers
-- - "Family" titles have lower ticket prices
-- - Thriller/horror/action evening movies have slightly higher prices
INSERT INTO ticket (id, customer, movie, show_id, price, date_entered) VALUES
(1,  1,  1,  1, 14.50, '2026-04-05 12:00:00'),
(2,  2,  1,  1, 14.50, '2026-04-05 12:01:00'),
(3,  3,  1,  2, 15.00, '2026-04-05 12:02:00'),
(4,  4,  1,  2, 15.00, '2026-04-05 12:03:00'),

(5,  5,  2,  3, 11.50, '2026-04-05 12:05:00'),
(6,  6,  2,  3, 11.50, '2026-04-05 12:06:00'),

(7,  7,  3,  4, 13.00, '2026-04-05 12:08:00'),
(8,  8,  3,  4, 13.00, '2026-04-05 12:09:00'),
(9,  9,  3,  5, 13.50, '2026-04-05 12:10:00'),
(10, 10, 3,  5, 13.50, '2026-04-05 12:11:00'),

(11, 11, 4,  6, 15.50, '2026-04-05 12:13:00'),
(12, 12, 4,  6, 15.50, '2026-04-05 12:14:00'),
(13, 13, 4,  6, 15.50, '2026-04-05 12:15:00'),

(14, 14, 5,  7,  9.00, '2026-04-05 12:17:00'),
(15, 15, 5,  7,  9.00, '2026-04-05 12:18:00'),
(16, 16, 5,  8,  8.50, '2026-04-05 12:19:00'),
(17, 17, 5,  8,  8.50, '2026-04-05 12:20:00'),

(18, 18, 6,  9, 14.50, '2026-04-05 12:22:00'),
(19, 19, 6,  9, 14.50, '2026-04-05 12:23:00'),
(20, 20, 6,  9, 14.50, '2026-04-05 12:24:00'),
(21, 1,  6, 10, 15.00, '2026-04-05 12:25:00'),
(22, 2,  6, 10, 15.00, '2026-04-05 12:26:00'),

(23, 3,  7, 11, 16.00, '2026-04-05 12:28:00'),
(24, 4,  7, 11, 16.00, '2026-04-05 12:29:00'),
(25, 5,  7, 11, 16.00, '2026-04-05 12:30:00'),

(26, 6,  8, 12, 12.50, '2026-04-05 12:32:00'),
(27, 7,  8, 12, 12.50, '2026-04-05 12:33:00'),
(28, 8,  8, 13, 13.00, '2026-04-05 12:34:00'),

(29, 9,  9, 14, 15.00, '2026-04-05 12:36:00'),
(30, 10, 9, 14, 15.00, '2026-04-05 12:37:00'),
(31, 11, 9, 14, 15.00, '2026-04-05 12:38:00'),
(32, 12, 9, 15, 15.50, '2026-04-05 12:39:00'),
(33, 13, 9, 15, 15.50, '2026-04-05 12:40:00'),

(34, 14, 10, 16, 12.00, '2026-04-05 12:42:00'),
(35, 15, 10, 16, 12.00, '2026-04-05 12:43:00'),

(36, 16, 11, 17, 11.00, '2026-04-05 12:45:00'),
(37, 17, 11, 17, 11.00, '2026-04-05 12:46:00'),

(38, 18, 12, 18,  9.50, '2026-04-05 12:48:00'),
(39, 19, 12, 18,  9.50, '2026-04-05 12:49:00'),
(40, 20, 12, 19, 10.00, '2026-04-05 12:50:00'),

(41, 1,  13, 20, 15.00, '2026-04-05 12:52:00'),
(42, 2,  13, 20, 15.00, '2026-04-05 12:53:00'),
(43, 3,  13, 20, 15.00, '2026-04-05 12:54:00'),

(44, 4,  14, 21, 11.50, '2026-04-05 12:56:00'),
(45, 5,  14, 21, 11.50, '2026-04-05 12:57:00'),

(46, 6,  15, 22, 14.00, '2026-04-05 12:59:00'),
(47, 7,  15, 22, 14.00, '2026-04-05 13:00:00'),
(48, 8,  15, 22, 14.00, '2026-04-05 13:01:00'),

(49, 9,  16, 23, 15.50, '2026-04-05 13:03:00'),
(50, 10, 16, 23, 15.50, '2026-04-05 13:04:00'),
(51, 11, 16, 24, 16.00, '2026-04-05 13:05:00'),

(52, 12, 17, 25, 11.00, '2026-04-05 13:07:00'),
(53, 13, 17, 25, 11.00, '2026-04-05 13:08:00'),

(54, 14, 18, 26,  8.50, '2026-04-05 13:10:00'),
(55, 15, 18, 26,  8.50, '2026-04-05 13:11:00'),
(56, 16, 18, 27,  9.00, '2026-04-05 13:12:00'),

(57, 17, 19, 28, 14.50, '2026-04-05 13:14:00'),
(58, 18, 19, 28, 14.50, '2026-04-05 13:15:00'),

(59, 19, 20, 29, 13.50, '2026-04-05 13:17:00'),
(60, 20, 20, 30, 14.00, '2026-04-05 13:18:00');